{
  "total_emails": 6621,
  "model": "phish_binary.onnx",
  "thresholds": [
    0.05,
    0.1,
    0.15,
    0.2,
    0.25,
    0.3,
    0.4,
    0.5,
    0.6,
    0.7,
    0.8,
    0.9,
    0.95
  ],
  "stage2_trigger_count": [
    1574,
    1568,
    1567,
    1565,
    1564,
    1563,
    1556,
    1555,
    1552,
    1548,
    1542,
    1539,
    1522
  ],
  "stage2_trigger_rate": [
    0.237728,
    0.236822,
    0.236671,
    0.236369,
    0.236218,
    0.236067,
    0.23501,
    0.234859,
    0.234406,
    0.233802,
    0.232895,
    0.232442,
    0.229875
  ],
  "stage1_only_rate": [
    0.762272,
    0.763178,
    0.763329,
    0.763631,
    0.763782,
    0.763933,
    0.76499,
    0.765141,
    0.765594,
    0.766198,
    0.767105,
    0.767558,
    0.770125
  ],
  "compute_savings_pct": [
    76.2272,
    76.3178,
    76.3329,
    76.3631,
    76.3782,
    76.3933,
    76.499,
    76.5141,
    76.5594,
    76.6198,
    76.7105,
    76.7558,
    77.0125
  ],
  "canonical_operating_points": {
    "tau_0.25": {
      "stage2_trigger_rate": 0.236218,
      "stage1_only_rate": 0.763782,
      "compute_savings_pct": 76.3782,
      "note": "research/ operating point"
    },
    "tau_0.90": {
      "stage2_trigger_rate": 0.232442,
      "stage1_only_rate": 0.767558,
      "compute_savings_pct": 76.7558,
      "note": "production deployment operating point"
    }
  }
}